-1.996,0.09164791786570148
-1.992,-0.04192926357673821
-1.988,0.02644177899971986
-1.984,0.006428746318219644
-1.98,-0.04224040047847841
-1.976,-0.06843487757208999
-1.972,-0.20866650019889305
-1.968,-0.057777565486324935
-1.964,-0.02749978408817358
-1.96,0.06600452184051009
-1.956,-0.08801322751775656
-1.952,-0.2630774239492792
-1.948,-0.2721040634179175
-1.944,-0.18552737292653532
-1.94,-0.1962584796406842
-1.936,-0.041693626877210795
-1.932,-0.05317874212700288
-1.928,0.04060926514780852
-1.924,0.01923500368799387
-1.92,-0.22854084192491528
-1.916,-0.016671598053413297
-1.912,-0.03391162880167948
-1.908,-0.004137488581619234
-1.904,-0.013795913163562476
-1.9,0.09176583844798661
-1.896,-0.18834131345410315
-1.892,0.026098328231441897
-1.888,-0.09559017452696487
-1.884,-0.1980571562653582
-1.88,-0.049409177241992404
-1.876,-0.24968437372112098
-1.8719999999999999,-0.005093006729635405
-1.8679999999999999,-0.006848356664369587
-1.8639999999999999,-0.05376546639970152
-1.8599999999999999,-0.1954907847407374
-1.8559999999999999,-0.057582739731714426
-1.8519999999999999,-0.31216350452991987
-1.8479999999999999,0.045733643619307415
-1.8439999999999999,-0.20969953164028435
-1.8399999999999999,-0.11779393871856085
-1.8359999999999999,0.05477795907178107
-1.8319999999999999,-0.07133162208993396
-1.8279999999999998,-0.008319718213643718
-1.8239999999999998,0.005651245208127945
-1.8199999999999998,-0.08197914880021473
-1.8159999999999998,-0.08905626917668522
-1.8119999999999998,-0.19165408200151263
-1.8079999999999998,-0.06428468206963031
-1.8039999999999998,-0.12282587899548819
-1.7999999999999998,0.013133609014518169
-1.7959999999999998,0.07459103007469456
-1.7919999999999998,-0.18583517065167016
-1.7879999999999998,-0.14018186923875464
-1.7839999999999998,-0.16381873802187896
-1.7799999999999998,-0.08454500545409718
-1.7759999999999998,-0.11570651652383279
-1.7719999999999998,-0.017500113538849393
-1.7679999999999998,0.14513027541397716
-1.7639999999999998,-0.08673055684575043
-1.7599999999999998,-0.021920679694119087
-1.7559999999999998,0.06462276935224186
-1.7519999999999998,-0.18016991289662035
-1.7479999999999998,0.050174348490252096
-1.7439999999999998,0.01841308750687351
-1.7399999999999998,-0.02603039418917303
-1.7359999999999998,-0.15005072921831056
-1.7319999999999998,-0.03241420752219715
-1.7279999999999998,0.04254702680952163
-1.7239999999999998,-0.08286460824811427
-1.7199999999999998,-0.06352040879673342
-1.7159999999999997,-0.06865940539643627
-1.7119999999999997,-0.06747562169833456
-1.7079999999999997,-0.019639963530446326
-1.7039999999999997,-0.09199002911340104
-1.6999999999999997,-0.11491274537915748
-1.6959999999999997,-0.00750634228546938
-1.6919999999999997,0.07796970763178537
-1.6879999999999997,0.03325968019774221
-1.6839999999999997,-0.08153872253497857
-1.6799999999999997,-0.1576101314086197
-1.6759999999999997,-0.0188083607485506
-1.6719999999999997,0.04215376026073357
-1.6679999999999997,-0.055274311158744996
-1.6639999999999997,-0.19005705588373223
-1.6599999999999997,0.06227075454684283
-1.6559999999999997,-0.015619135926386963
-1.6519999999999997,-0.0272604678159383
-1.6479999999999997,0.08288436327771083
-1.6439999999999997,0.04668921240260554
-1.6399999999999997,-0.1231767829002376
-1.6359999999999997,0.0907523202142341
-1.6319999999999997,-0.04701603602720464
-1.6279999999999997,0.05971072565264082
-1.6239999999999997,-0.05698899425016424
-1.6199999999999997,0.02784926747134999
-1.6159999999999997,-0.0031815275059504794
-1.6119999999999997,0.03599896421563752
-1.6079999999999997,0.07473001233881484
-1.6039999999999996,-0.04968890581018567
-1.5999999999999996,0.09190604641212984
-1.5959999999999996,-0.03571356168253552
-1.5919999999999996,0.0687158838597407
-1.5879999999999996,0.030050888492461056
-1.5839999999999996,-0.04802529909507448
-1.5799999999999996,-0.0022166423180459954
-1.5759999999999996,0.0037797571523224827
-1.5719999999999996,-0.07074999034996908
-1.5679999999999996,-0.0782848296243094
-1.5639999999999996,0.051868409451113776
-1.5599999999999996,0.024360583476565896
-1.5559999999999996,-0.0029539536375053238
-1.5519999999999996,-0.05574108186339635
-1.5479999999999996,-0.07777514477441726
-1.5439999999999996,-0.06988426950830257
-1.5399999999999996,-0.06661878036029882
-1.5359999999999996,0.043723725911896764
-1.5319999999999996,0.24256668063642725
-1.5279999999999996,-0.04565190646075173
-1.5239999999999996,0.04297219970279522
-1.5199999999999996,-0.0827417698388615
-1.5159999999999996,0.11380160760586217
-1.5119999999999996,-0.0992975094531171
-1.5079999999999996,0.03201916461935239
-1.5039999999999996,0.2521226852197682
-1.4999999999999996,0.2636269397872807
-1.4959999999999996,0.0715632688144843
-1.4919999999999995,-0.04343825788453608
-1.4879999999999995,0.06696507764504939
-1.4839999999999995,-0.004074835562887194
-1.4799999999999995,0.13946223890331091
-1.4759999999999995,0.07498277322866564
-1.4719999999999995,-0.014776673279706803
-1.4679999999999995,-0.05364117410828517
-1.4639999999999995,-0.15693583782249532
-1.4599999999999995,0.06384594296776283
-1.4559999999999995,0.004472670307155927
-1.4519999999999995,-0.04619489457647806
-1.4479999999999995,0.055073153440094405
-1.4439999999999995,-0.0933729762428119
-1.4399999999999995,0.11103838791182945
-1.4359999999999995,0.09036029926012847
-1.4319999999999995,0.22436535784468348
-1.4279999999999995,0.0063923108094870035
-1.4239999999999995,0.18296259506828128
-1.4199999999999995,0.14454724384658824
-1.4159999999999995,0.03367758765392907
-1.4119999999999995,0.08971416422038259
-1.4079999999999995,0.006487237898312112
-1.4039999999999995,0.1467359420154648
-1.3999999999999995,-0.06843101879208016
-1.3959999999999995,0.14929575728121566
-1.3919999999999995,0.039765721069595764
-1.3879999999999995,0.11437472071673918
-1.3839999999999995,-0.004626495113746243
-1.3799999999999994,0.1652445536999595
-1.3759999999999994,0.07955751344142384
-1.3719999999999994,0.40423273499606627
-1.3679999999999994,-0.022726089492947632
-1.3639999999999994,0.11020471652965144
-1.3599999999999994,0.20109965238692465
-1.3559999999999994,-0.08068447676963267
-1.3519999999999994,-0.09638670611817152
-1.3479999999999994,0.0017163310398692344
-1.3439999999999994,0.16531938054975023
-1.3399999999999994,0.09561626841677133
-1.3359999999999994,0.25683767984895317
-1.3319999999999994,-0.05007775984889272
-1.3279999999999994,0.005946965981279723
-1.3239999999999994,0.07637791591723088
-1.3199999999999994,0.20858052463095342
-1.3159999999999994,0.123838056819532
-1.3119999999999994,0.09524211570404911
-1.3079999999999994,0.16327559463313962
-1.3039999999999994,0.15797976928674567
-1.2999999999999994,-0.027369982985889885
-1.2959999999999994,0.1498710811033525
-1.2919999999999994,0.07195742239272698
-1.2879999999999994,0.16819959792524963
-1.2839999999999994,0.0809283603645353
-1.2799999999999994,-0.013153524036633557
-1.2759999999999994,0.14697103221125687
-1.2719999999999994,0.06740087822394408
-1.2679999999999993,0.05145844943518306
-1.2639999999999993,0.2802989615504801
-1.2599999999999993,-0.04193648601586317
-1.2559999999999993,0.2875296989903866
-1.2519999999999993,0.20600555042015437
-1.2479999999999993,-0.04251417714734004
-1.2439999999999993,0.15764152435180231
-1.2399999999999993,0.24249740704962472
-1.2359999999999993,0.115584486314933
-1.2319999999999993,0.12633557339630355
-1.2279999999999993,-0.022118589304499003
-1.2239999999999993,-0.04618616295197986
-1.2199999999999993,0.2120482813468179
-1.2159999999999993,0.3352549123726266
-1.2119999999999993,0.09771318091089809
-1.2079999999999993,0.15605757553976218
-1.2039999999999993,0.06021999869632094
-1.1999999999999993,0.1777437091034761
-1.1959999999999993,0.09293067330731485
-1.1919999999999993,-0.024803329777471184
-1.1879999999999993,0.2404488040548345
-1.1839999999999993,0.18922491728302215
-1.1799999999999993,0.18960598172249887
-1.1759999999999993,0.023644464387240924
-1.1719999999999993,0.15655306373166833
-1.1679999999999993,0.20926932865220504
-1.1639999999999993,-0.03646103056549577
-1.1599999999999993,0.1152835364357934
-1.1559999999999993,0.19241383261770806
-1.1519999999999992,0.2949975275455371
-1.1479999999999992,0.1690922290257948
-1.1439999999999992,0.17989599506573276
-1.1399999999999992,0.1050669319034628
-1.1359999999999992,0.07788593445824815
-1.1319999999999992,0.25659171901423833
-1.1279999999999992,0.020980149592910086
-1.1239999999999992,0.2626303342474972
-1.1199999999999992,0.15491187020835923
-1.1159999999999992,0.06797106800861227
-1.1119999999999992,0.07877949761292623
-1.1079999999999992,0.1922450580087803
-1.1039999999999992,0.07139170906133631
-1.0999999999999992,0.34796072271294987
-1.0959999999999992,0.10602103713680389
-1.0919999999999992,0.12335543861264453
-1.0879999999999992,0.134646676551899
-1.0839999999999992,0.0351437026671054
-1.0799999999999992,0.09895498690140428
-1.0759999999999992,0.24785238174893248
-1.0719999999999992,0.08300217147433596
-1.0679999999999992,0.20788914420970736
-1.0639999999999992,0.3336291459880746
-1.0599999999999992,0.3053722557255569
-1.0559999999999992,0.216228780053154
-1.0519999999999992,0.23750798639425114
-1.0479999999999992,0.22480835644903113
-1.0439999999999992,0.23196190407648312
-1.0399999999999991,0.1397724064177096
-1.0359999999999991,0.33059801372594144
-1.0319999999999991,0.15236345539402923
-1.0279999999999991,0.3263291770787543
-1.0239999999999991,0.0920213315055178
-1.0199999999999991,-0.002128175829316792
-1.0159999999999991,0.32378577896223687
-1.0119999999999991,0.2598081599734292
-1.0079999999999991,0.2706570131029714
-1.0039999999999991,0.18161831848402948
-0.9999999999999991,0.1473090898849962
-0.9959999999999991,0.08259293190483483
-0.9919999999999991,0.24184045507289859
-0.9879999999999991,0.20739680973351468
-0.9839999999999991,0.33413884494079094
-0.9799999999999991,0.1523916536224157
-0.9759999999999991,0.41294887088842036
-0.9719999999999991,0.4191488150233007
-0.9679999999999991,0.31663981816309045
-0.9639999999999991,0.15867868516121691
-0.9599999999999991,0.22939615590954127
-0.9559999999999991,0.36354499489492165
-0.9519999999999991,0.28758197527392987
-0.9479999999999991,0.11937127094752566
-0.9439999999999991,0.09503409353764178
-0.9399999999999991,0.19594564026241196
-0.935999999999999,0.27940428959229807
-0.931999999999999,0.14096024143343178
-0.927999999999999,0.411278732916607
-0.923999999999999,0.25186343433333996
-0.919999999999999,0.14899378773461747
-0.915999999999999,0.3021542961608651
-0.911999999999999,0.1811701737271842
-0.907999999999999,0.32141177311264035
-0.903999999999999,0.2391569204787498
-0.899999999999999,0.4434507273603244
-0.895999999999999,0.22444346440317134
-0.891999999999999,0.3367247384694843
-0.887999999999999,0.3077551011348468
-0.883999999999999,0.250126509438562
-0.879999999999999,0.1984861076292589
-0.875999999999999,0.39236131156723963
-0.871999999999999,0.1913960292749804
-0.867999999999999,0.2941989294853687
-0.863999999999999,0.18729298637091135
-0.859999999999999,0.32473704717338575
-0.855999999999999,0.3085422371156925
-0.851999999999999,0.4765940017353084
-0.847999999999999,0.24007157577601296
-0.843999999999999,0.4316895029747445
-0.839999999999999,0.3272228616995782
-0.835999999999999,0.3397010565641497
-0.831999999999999,0.26321058180840096
-0.827999999999999,0.28631831148108233
-0.823999999999999,0.3639102004145413
-0.819999999999999,0.2703942022751406
-0.815999999999999,0.2933552970228004
-0.811999999999999,0.43802265725274825
-0.8079999999999989,0.15993378484094356
-0.8039999999999989,0.32381452327217236
-0.7999999999999989,0.5057074902635246
-0.7959999999999989,0.48850837876694564
-0.7919999999999989,0.2419606729745522
-0.7879999999999989,0.36104245826044906
-0.7839999999999989,0.1791612878186736
-0.7799999999999989,0.3126358106302295
-0.7759999999999989,0.42024335563971216
-0.7719999999999989,0.3199110907867109
-0.7679999999999989,0.4053427942877378
-0.7639999999999989,0.42565919700423016
-0.7599999999999989,0.29773397999896556
-0.7559999999999989,0.24174995954124195
-0.7519999999999989,0.5264690029776925
-0.7479999999999989,0.4221570552287922
-0.7439999999999989,0.2721733205501428
-0.7399999999999989,0.40975320330339404
-0.7359999999999989,0.5149290272381559
-0.7319999999999989,0.33607449723994104
-0.7279999999999989,0.14865073243211513
-0.7239999999999989,0.31555327141527134
-0.7199999999999989,0.4599933201962633
-0.7159999999999989,0.4141695122723269
-0.7119999999999989,0.2902086467271592
-0.7079999999999989,0.41923783866975933
-0.7039999999999988,0.5300533118418991
-0.6999999999999988,0.5128610477182891
-0.6959999999999988,0.13736243739594262
-0.6919999999999988,0.3060800134889431
-0.6879999999999988,0.3857853955485231
-0.6839999999999988,0.517340380759635
-0.6799999999999988,0.2210839658785821
-0.6759999999999988,0.28066830238084445
-0.6719999999999988,0.3266499847143819
-0.6679999999999988,0.2554170898293318
-0.6639999999999988,0.4871165109405901
-0.6599999999999988,0.31092379422206495
-0.6559999999999988,0.42064547052105467
-0.6519999999999988,0.4577284152215645
-0.6479999999999988,0.43933119515042257
-0.6439999999999988,0.391832421859068
-0.6399999999999988,0.34899518907204313
-0.6359999999999988,0.455314502955357
-0.6319999999999988,0.41995521601160457
-0.6279999999999988,0.5421452396155534
-0.6239999999999988,0.2954541804812828
-0.6199999999999988,0.31619266486481334
-0.6159999999999988,0.3947584242695804
-0.6119999999999988,0.4132593399716099
-0.6079999999999988,0.24823400529901474
-0.6039999999999988,0.3893364717292386
-0.5999999999999988,0.36358953458654897
-0.5959999999999988,0.37449902816481406
-0.5919999999999987,0.4998614662830556
-0.5879999999999987,0.5480092358534147
-0.5839999999999987,0.42316606401194984
-0.5799999999999987,0.4592335278081308
-0.5759999999999987,0.6210068943589397
-0.5719999999999987,0.5915069238998119
-0.5679999999999987,0.4397209307298661
-0.5639999999999987,0.39547517535577786
-0.5599999999999987,0.48287052916251344
-0.5559999999999987,0.4683300706496459
-0.5519999999999987,0.49396043577805965
-0.5479999999999987,0.5842335143647277
-0.5439999999999987,0.5204744186968635
-0.5399999999999987,0.5682922772258677
-0.5359999999999987,0.4744949639196213
-0.5319999999999987,0.5052506618764621
-0.5279999999999987,0.5878558331772313
-0.5239999999999987,0.583416107630632
-0.5199999999999987,0.5465599558955622
-0.5159999999999987,0.29810496029095224
-0.5119999999999987,0.37183623658144893
-0.5079999999999987,0.5323967042252892
-0.5039999999999987,0.5205885527581778
-0.49999999999999867,0.49854307485575666
-0.49599999999999866,0.4996360752134201
-0.49199999999999866,0.39532541899636564
-0.48799999999999866,0.5040959459499335
-0.48399999999999865,0.4989669962122538
-0.47999999999999865,0.5228732299196278
-0.47599999999999865,0.5975163068369314
-0.47199999999999864,0.5191427788928291
-0.46799999999999864,0.6331852977985561
-0.46399999999999864,0.5555261525779973
-0.45999999999999863,0.546459481109994
-0.45599999999999863,0.612242635600016
-0.4519999999999986,0.47219067527610015
-0.4479999999999986,0.6027805120002989
-0.4439999999999986,0.4180991725275337
-0.4399999999999986,0.8301987760564832
-0.4359999999999986,0.7196923300635828
-0.4319999999999986,0.6403034356541342
-0.4279999999999986,0.6172142320196181
-0.4239999999999986,0.7696857819058078
-0.4199999999999986,0.5624961149969545
-0.4159999999999986,0.577740780991595
-0.4119999999999986,0.7246779577487581
-0.4079999999999986,0.5968117629918843
-0.4039999999999986,0.5629704201610779
-0.3999999999999986,0.6709131054781072
-0.3959999999999986,0.565457694432931
-0.39199999999999857,0.6975348011976241
-0.38799999999999857,0.6506335778083268
-0.38399999999999856,0.7548221891831289
-0.37999999999999856,0.6717086702109761
-0.37599999999999856,0.6047799543509462
-0.37199999999999855,0.8291719295115108
-0.36799999999999855,0.6342949075064273
-0.36399999999999855,0.5898159913594339
-0.35999999999999854,0.5952607761137281
-0.35599999999999854,0.7715799861843112
-0.35199999999999854,0.7765778670958368
-0.34799999999999853,0.7317381826371269
-0.34399999999999853,0.6059128618056128
-0.3399999999999985,0.7197819888917917
-0.3359999999999985,0.5576230651072669
-0.3319999999999985,0.6578514721809761
-0.3279999999999985,0.7960582303130216
-0.3239999999999985,0.7205820159225065
-0.3199999999999985,0.6244853966669871
-0.3159999999999985,0.4398811234166035
-0.3119999999999985,0.7922776991740839
-0.3079999999999985,0.7849230142359123
-0.3039999999999985,0.6907848134742045
-0.2999999999999985,0.6410580415759489
-0.2959999999999985,0.6376919717242261
-0.2919999999999985,0.6585379172760777
-0.2879999999999985,0.8521662948510531
-0.2839999999999985,0.7297904661505851
-0.2799999999999985,0.8207390478383024
-0.27599999999999847,0.6542628009218939
-0.27199999999999847,0.7320208840675386
-0.26799999999999846,0.7739918830153397
-0.26399999999999846,0.832946292460099
-0.25999999999999845,0.7307244441737114
-0.25599999999999845,0.645055812558603
-0.25199999999999845,0.7111464853007649
-0.24799999999999844,0.6267336775950828
-0.24399999999999844,0.8466808484230184
-0.23999999999999844,0.8410272434588526
-0.23599999999999843,0.6232309176117772
-0.23199999999999843,0.7852533783497609
-0.22799999999999843,0.8651907445835965
-0.22399999999999842,0.6679498936613772
-0.21999999999999842,0.702975972274617
-0.21599999999999842,1.054289064900144
-0.2119999999999984,0.9156592652691081
-0.2079999999999984,0.7709294522795664
-0.2039999999999984,0.7811251168446741
-0.1999999999999984,0.90703418915137
-0.1959999999999984,0.6122009887007752
-0.1919999999999984,0.8933023401782458
-0.1879999999999984,0.9626912585589961
-0.1839999999999984,0.9311510759794122
-0.17999999999999838,0.8286253261597362
-0.17599999999999838,0.9635891609675682
-0.17199999999999838,0.6943751140792462
-0.16799999999999837,0.807295695545656
-0.16399999999999837,0.7859499948022456
-0.15999999999999837,0.8022855455569867
-0.15599999999999836,0.8951216377473278
-0.15199999999999836,0.7943487634153366
-0.14799999999999836,0.7630643474220425
-0.14399999999999835,0.9749085319972848
-0.13999999999999835,0.9191375744943956
-0.13599999999999834,0.7735699991345976
-0.13199999999999834,0.71502382430277
-0.12799999999999834,0.8521771736630004
-0.12399999999999833,0.8530056434934958
-0.11999999999999833,0.9943525934376984
-0.11599999999999833,0.9775136743390004
-0.11199999999999832,0.7788404343739245
-0.10799999999999832,0.8271432698224789
-0.10399999999999832,0.7389147014926718
-0.09999999999999831,0.9257478318933863
-0.09599999999999831,0.9578171507298722
-0.0919999999999983,0.9470179150637542
-0.0879999999999983,0.9713607270762132
-0.0839999999999983,0.8924701615186444
-0.0799999999999983,0.7686662788096261
-0.07599999999999829,1.0397381558927161
-0.07199999999999829,0.7286915192171404
-0.06799999999999828,0.9646904177415186
-0.06399999999999828,0.8889158637279233
-0.05999999999999828,0.7556530753438941
-0.05599999999999827,0.8043821416684092
-0.05199999999999827,0.9448102483631802
-0.047999999999998266,0.9697977548259406
-0.04399999999999826,0.8894839717552899
-0.03999999999999826,0.9933455080611028
-0.035999999999998256,0.9584304232496131
-0.03199999999999825,1.064698398210625
-0.027999999999998252,0.8888908336604048
-0.023999999999998252,1.1068421568555111
-0.019999999999998252,1.0131412240096695
-0.01599999999999825,0.7549069311617855
-0.011999999999998252,1.1582756186210033
-0.007999999999998252,1.2792836843489104
-0.0039999999999982515,1.0808402080710975
1.7486012637846216e-15,0.6648889763317769
0.004000000000001749,0.9512004764396325
0.008000000000001749,0.8966876721253814
0.012000000000001749,0.9467794163863794
0.01600000000000175,1.0289648256068193
0.02000000000000175,0.9737419345449069
0.02400000000000175,1.0594321820158563
0.02800000000000175,1.0886530216112782
0.03200000000000175,0.9823791485812741
0.03600000000000175,0.9551251829165116
0.040000000000001756,1.112703109500436
0.04400000000000176,0.9384173922155427
0.048000000000001763,1.08698125202956
0.05200000000000177,0.8910947548433511
0.05600000000000177,0.9889878705834801
0.060000000000001774,0.99155090199458
0.06400000000000178,1.0197977189695209
0.06800000000000178,1.0420707675054877
0.07200000000000178,1.3122244204357385
0.07600000000000179,1.2683594755392775
0.08000000000000179,0.8603817075400946
0.0840000000000018,0.9541565162209907
0.0880000000000018,0.9617389243304716
0.0920000000000018,0.8843902543493415
0.0960000000000018,1.2544960362995565
0.10000000000000181,1.0628724229188682
0.10400000000000181,1.0936192261559192
0.10800000000000182,1.1700427164391314
0.11200000000000182,1.2729045642765886
0.11600000000000182,1.1225563462042984
0.12000000000000183,1.1584945391799124
0.12400000000000183,1.069661738025544
0.12800000000000183,1.0037995579572658
0.13200000000000184,0.8420235970358252
0.13600000000000184,1.0567998261004858
0.14000000000000185,0.9177605172567183
0.14400000000000185,1.2172637394100314
0.14800000000000185,1.25738888427335
0.15200000000000186,1.3261296855488172
0.15600000000000186,1.1554941702648387
0.16000000000000186,1.1495437021972934
0.16400000000000187,1.1291190533452145
0.16800000000000187,1.1926902946682214
0.17200000000000187,1.2999529218078352
0.17600000000000188,1.200664580143621
0.18000000000000188,1.1341483941057204
0.18400000000000188,1.0731513010371045
0.1880000000000019,1.192889496635308
0.1920000000000019,1.2240640074207976
0.1960000000000019,1.1789751942001392
0.2000000000000019,1.259273739076259
0.2040000000000019,1.137130727785189
0.2080000000000019,1.0496111390130043
0.2120000000000019,1.3890358890261043
0.2160000000000019,1.2086569736482333
0.22000000000000192,1.0650214559046043
0.22400000000000192,1.2232490922190222
0.22800000000000192,1.2134771663111716
0.23200000000000193,1.2060143844222628
0.23600000000000193,1.1112906287710438
0.24000000000000193,1.4217409440092301
0.24400000000000194,1.2460193952954077
0.24800000000000194,1.2566736059601888
0.25200000000000194,1.3608787058180212
0.25600000000000195,1.2003423396178108
0.26000000000000195,1.1622420590819202
0.26400000000000196,1.341383100924197
0.26800000000000196,1.534171263240088
0.27200000000000196,1.2149515752831332
0.27600000000000197,1.2151341575007026
0.28000000000000197,1.3369419453769602
0.284000000000002,1.2673258030242742
0.288000000000002,1.246113766493186
0.292000000000002,1.3309918201533555
0.296000000000002,1.302456362937523
0.300000000000002,1.2586654537898514
0.304000000000002,1.2338180689244973
0.308000000000002,1.3723678300015676
0.312000000000002,1.3357333621536909
0.316000000000002,1.4111920045784636
0.320000000000002,1.4191174749765267
0.324000000000002,1.3832704650252168
0.328000000000002,1.5927246881951405
0.332000000000002,1.3860096016623271
0.336000000000002,1.2514299539616283
0.340000000000002,1.4291095397230091
0.344000000000002,1.2957306983119141
0.34800000000000203,1.3190991551885156
0.35200000000000203,1.4084107205728706
0.35600000000000204,1.260261266935859
0.36000000000000204,1.353790819516476
0.36400000000000204,1.1909785784836209
0.36800000000000205,1.2386849289720485
0.37200000000000205,1.3705074653427933
0.37600000000000205,1.356758900629877
0.38000000000000206,1.3947260199555023
0.38400000000000206,1.2998987910787576
0.38800000000000207,1.4687334188436387
0.39200000000000207,1.512369332025033
0.3960000000000021,1.3779199060419063
0.4000000000000021,1.4534589822428965
0.4040000000000021,1.38998100610857
0.4080000000000021,1.4009552537179677
0.4120000000000021,1.3258074334639987
0.4160000000000021,1.4151107661639062
0.4200000000000021,1.4880277687870231
0.4240000000000021,1.2844602213485656
0.4280000000000021,1.3525791830950766
0.4320000000000021,1.3930504450409413
0.4360000000000021,1.549167146019088
0.4400000000000021,1.3838350682236067
0.4440000000000021,1.376038820566025
0.4480000000000021,1.4137712451524427
0.4520000000000021,1.407183394903343
0.4560000000000021,1.3634581733349593
0.46000000000000213,1.4967267356932985
0.46400000000000213,1.4615605725372078
0.46800000000000214,1.4463625256325239
0.47200000000000214,1.3172755164191055
0.47600000000000214,1.36624662633878
0.48000000000000215,1.4826788846040326
0.48400000000000215,1.5544140478928257
0.48800000000000215,1.5275285259353997
0.49200000000000216,1.5070789575128476
0.49600000000000216,1.3844956414159497
0.5000000000000021,1.3931850986582313
0.5040000000000021,1.3918507392589774
0.5080000000000021,1.3893273603931964
0.5120000000000021,1.2880749531327507
0.5160000000000021,1.4551331751898655
0.5200000000000021,1.5476004258695841
0.5240000000000021,1.5829465386593777
0.5280000000000021,1.4608493861882705
0.5320000000000021,1.5005954901788383
0.5360000000000021,1.6258691703761747
0.5400000000000021,1.5975181393610862
0.5440000000000021,1.4088206315652987
0.5480000000000022,1.3960138913534927
0.5520000000000022,1.600395323873412
0.5560000000000022,1.5996218760246725
0.5600000000000022,1.618589081694038
0.5640000000000022,1.6861686341912094
0.5680000000000022,1.3700063844831187
0.5720000000000022,1.480107754996378
0.5760000000000022,1.5158616685854076
0.5800000000000022,1.6115948229176684
0.5840000000000022,1.4196288293987953
0.5880000000000022,1.5429001870559687
0.5920000000000022,1.4105577822428341
0.5960000000000022,1.595842430547661
0.6000000000000022,1.5077197274360559
0.6040000000000022,1.433310611401071
0.6080000000000022,1.6189296646212479
0.6120000000000022,1.668598694874258
0.6160000000000022,1.611151277581546
0.6200000000000022,1.5177364391475274
0.6240000000000022,1.4298977879657047
0.6280000000000022,1.502365944891285
0.6320000000000022,1.467172788402801
0.6360000000000022,1.5723743628227782
0.6400000000000022,1.5051012800650223
0.6440000000000022,1.6101952916060374
0.6480000000000022,1.4571561056889595
0.6520000000000022,1.4722477724679983
0.6560000000000022,1.6877988657845686
0.6600000000000023,1.4394700108237535
0.6640000000000023,1.6034091221832072
0.6680000000000023,1.4420808311465425
0.6720000000000023,1.5929807210565656
0.6760000000000023,1.5757406602344814
0.6800000000000023,1.5553231835836094
0.6840000000000023,1.5343391311867263
0.6880000000000023,1.4029765649167512
0.6920000000000023,1.6692967491077233
0.6960000000000023,1.6488621155480054
0.7000000000000023,1.6041424180730468
0.7040000000000023,1.502244701727171
0.7080000000000023,1.6011926435718367
0.7120000000000023,1.5622004117233619
0.7160000000000023,1.5832609668533135
0.7200000000000023,1.6624717595764162
0.7240000000000023,1.6101509824742823
0.7280000000000023,1.5200748465950273
0.7320000000000023,1.5762359786250197
0.7360000000000023,1.7252010073637711
0.7400000000000023,1.4608139170300445
0.7440000000000023,1.5916249409127365
0.7480000000000023,1.5469306961889717
0.7520000000000023,1.5798329695289535
0.7560000000000023,1.7517104325987478
0.7600000000000023,1.671074914889038
0.7640000000000023,1.5177321009985087
0.7680000000000023,1.620283901730009
0.7720000000000024,2.020820635098657
0.7760000000000024,1.5941370716273813
0.7800000000000024,1.6337369800585981
0.7840000000000024,1.702665293177638
0.7880000000000024,1.7020315703150408
0.7920000000000024,1.6769687164806224
0.7960000000000024,1.7928967487949077
0.8000000000000024,1.8118499556633618
0.8040000000000024,1.5512809826879892
0.8080000000000024,1.6453945129158254
0.8120000000000024,1.5790937116292345
0.8160000000000024,1.702563656142664
0.8200000000000024,1.7150811371651717
0.8240000000000024,1.6207947497820807
0.8280000000000024,1.6915963258234552
0.8320000000000024,1.468058462009219
0.8360000000000024,1.7531734766638802
0.8400000000000024,1.7367154154526072
0.8440000000000024,1.5334790267593446
0.8480000000000024,1.6938763619591588
0.8520000000000024,1.8108007071906569
0.8560000000000024,1.744431054613435
0.8600000000000024,1.7242607770508511
0.8640000000000024,1.6382744057500809
0.8680000000000024,1.7171162358044474
0.8720000000000024,1.6831089479445214
0.8760000000000024,1.7619341113235367
0.8800000000000024,1.486099603283527
0.8840000000000025,1.6700892709424335
0.8880000000000025,1.6626166056008433
0.8920000000000025,1.8818620943514799
0.8960000000000025,1.6055328699312474
0.9000000000000025,1.8095645188584786
0.9040000000000025,1.813533367232745
0.9080000000000025,1.7532333490329193
0.9120000000000025,1.6740651377568456
0.9160000000000025,1.9409483284802458
0.9200000000000025,1.8308733985378165
0.9240000000000025,1.8791702896166396
0.9280000000000025,1.6462337752691538
0.9320000000000025,1.6045922535162371
0.9360000000000025,1.870321148580679
0.9400000000000025,1.9164852066958233
0.9440000000000025,1.8372077082320268
0.9480000000000025,1.8276177602311983
0.9520000000000025,1.7408116308595
0.9560000000000025,1.8669411317528817
0.9600000000000025,1.6626698344685331
0.9640000000000025,1.874751538655417
0.9680000000000025,1.79977662261772
0.9720000000000025,1.845405900182982
0.9760000000000025,1.862438013371916
0.9800000000000025,1.767512882856715
0.9840000000000025,1.9231727745024045
0.9880000000000025,1.8158845144893292
0.9920000000000025,1.7632894002493982
0.9960000000000025,1.8430235271594397
1.0000000000000024,1.77598462663146
1.0040000000000024,1.8344069074768288
1.0080000000000024,1.7766725465366122
1.0120000000000025,1.7291422597483874
1.0160000000000025,1.5576440593052374
1.0200000000000025,1.9695355010640951
1.0240000000000025,1.837378613610641
1.0280000000000025,1.802140368319605
1.0320000000000025,1.5962622001676794
1.0360000000000025,1.8304147267672846
1.0400000000000025,1.7478795119476507
1.0440000000000025,1.829508768839553
1.0480000000000025,1.682253378799516
1.0520000000000025,1.9073021229863594
1.0560000000000025,1.907608119247576
1.0600000000000025,1.7750958579328824
1.0640000000000025,1.97548242521763
1.0680000000000025,1.8493612617685633
1.0720000000000025,1.7862917875801851
1.0760000000000025,1.902431429892922
1.0800000000000025,1.9269520090932108
1.0840000000000025,1.952503387996349
1.0880000000000025,1.58379234112159
1.0920000000000025,1.8339471871688846
1.0960000000000025,1.6816476060841072
1.1000000000000025,1.7426401172713315
1.1040000000000025,1.9678272576277984
1.1080000000000025,1.6992644450533931
1.1120000000000025,1.8507351585397571
1.1160000000000025,1.6741987267785792
1.1200000000000025,1.914898460711336
1.1240000000000026,1.8725137962468352
1.1280000000000026,1.670017599871069
1.1320000000000026,1.7990230820410806
1.1360000000000026,1.6888182415663626
1.1400000000000026,1.8570891030803423
1.1440000000000026,1.7592069084813096
1.1480000000000026,1.6859301235974915
1.1520000000000026,1.7890071044004263
1.1560000000000026,1.9106462375735425
1.1600000000000026,1.8742031140850006
1.1640000000000026,1.8662309079080226
1.1680000000000026,1.9876990230346785
1.1720000000000026,1.9301020940129507
1.1760000000000026,1.9275291433446298
1.1800000000000026,1.8409645769215697
1.1840000000000026,2.0038985649230043
1.1880000000000026,1.8083603858628072
1.1920000000000026,1.7095430087437848
1.1960000000000026,1.8731882656724
1.2000000000000026,1.8657260998427865
1.2040000000000026,2.026712699848743
1.2080000000000026,2.0314234260669157
1.2120000000000026,1.9903016399070823
1.2160000000000026,2.110733404461211
1.2200000000000026,1.9075606908822438
1.2240000000000026,1.7113384114473151
1.2280000000000026,2.109594081426312
1.2320000000000026,1.7602110902562838
1.2360000000000027,1.7994250792743416
1.2400000000000027,1.7608795054209994
1.2440000000000027,1.8868054809897603
1.2480000000000027,1.918561915863758
1.2520000000000027,2.0875633395941504
1.2560000000000027,2.0046644939545994
1.2600000000000027,1.8063928420256241
1.2640000000000027,1.842157114260491
1.2680000000000027,1.8838910793502484
1.2720000000000027,1.6894148816539143
1.2760000000000027,1.8872894105610045
1.2800000000000027,2.0016083804510654
1.2840000000000027,1.918605580429829
1.2880000000000027,1.706445289035181
1.2920000000000027,1.845116428639358
1.2960000000000027,1.788844920167847
1.3000000000000027,1.9526994059573315
1.3040000000000027,2.061127103647489
1.3080000000000027,1.8751236882259776
1.3120000000000027,2.056802995144282
1.3160000000000027,2.008669980511232
1.3200000000000027,1.8661093235012596
1.3240000000000027,2.0328236708757896
1.3280000000000027,2.0859671599505942
1.3320000000000027,1.9737132969644362
1.3360000000000027,1.829574130960451
1.3400000000000027,1.99925930025721
1.3440000000000027,1.811202514942178
1.3480000000000028,2.149163507106426
1.3520000000000028,2.0683110502598345
1.3560000000000028,1.6924486367312743
1.3600000000000028,1.9748778975435917
1.3640000000000028,2.100155025774016
1.3680000000000028,1.951423086635375
1.3720000000000028,1.9385318381505097
1.3760000000000028,1.8967202730772015
1.3800000000000028,1.9092776459322085
1.3840000000000028,2.056519182365273
1.3880000000000028,1.8761331666858827
1.3920000000000028,1.9493220781017877
1.3960000000000028,1.9504993257577032
1.4000000000000028,1.9530114793134221
1.4040000000000028,2.079802759820601
1.4080000000000028,1.8103433141760505
1.4120000000000028,2.0904042108826713
1.4160000000000028,1.9054443068008506
1.4200000000000028,2.14384033138439
1.4240000000000028,2.0570032162074128
1.4280000000000028,1.7268842767711268
1.4320000000000028,1.9670069729507271
1.4360000000000028,2.027413868469481
1.4400000000000028,2.0573963393730974
1.4440000000000028,1.9260651114849265
1.4480000000000028,1.935357783098331
1.4520000000000028,1.9472870163366962
1.4560000000000028,2.0899237209888346
1.4600000000000029,2.105574109084336
1.4640000000000029,2.055347991218165
1.4680000000000029,2.0334504336896764
1.4720000000000029,1.8981625760696097
1.4760000000000029,1.8802343095977898
1.4800000000000029,1.9130978810496067
1.4840000000000029,2.136152707416466
1.4880000000000029,1.9478544497601178
1.4920000000000029,1.9684429687644827
1.4960000000000029,2.010353869851662
1.5000000000000029,1.800028241548373
1.504000000000003,1.883003070527074
1.508000000000003,1.795721505039964
1.512000000000003,2.0591425262465295
1.516000000000003,2.055604149763957
1.520000000000003,2.167504903836851
1.524000000000003,2.0983626194131726
1.528000000000003,1.8513953773326668
1.532000000000003,2.1906302353023017
1.536000000000003,1.8713802730631321
1.540000000000003,2.0703638007253375
1.544000000000003,1.9406102459197172
1.548000000000003,1.8274910380985883
1.552000000000003,1.961562597587004
1.556000000000003,2.0213051995870916
1.560000000000003,1.8641296182533764
1.564000000000003,2.0020302284204496
1.568000000000003,1.9097963026158666
1.572000000000003,2.0283588343532304
1.576000000000003,2.009218957949705
1.580000000000003,2.077038930216152
1.584000000000003,2.014039423678443
1.588000000000003,1.948978549772695
1.592000000000003,1.94718978831118
1.596000000000003,2.0499989150041453
1.600000000000003,1.957367848028572
1.604000000000003,1.889803072329655
1.608000000000003,1.9837920420553026
1.612000000000003,1.9327630836559204
1.616000000000003,2.0320230449403813
1.620000000000003,1.9339100990151523
1.624000000000003,2.2243201094074196
1.628000000000003,2.013611590635928
1.632000000000003,1.9730299709506274
1.636000000000003,2.012920498387245
1.640000000000003,2.0100209448904534
1.644000000000003,1.8975598170111523
1.648000000000003,2.1131678098553537
1.652000000000003,2.1230867748496762
1.656000000000003,2.073260247785852
1.660000000000003,2.019410604835484
1.664000000000003,1.9500499046566522
1.668000000000003,1.9707406484585461
1.672000000000003,1.964104636046055
1.676000000000003,1.8872352676167563
1.680000000000003,1.8526004245148715
1.684000000000003,2.234419184897707
1.688000000000003,2.0764826941924444
1.692000000000003,2.0703262323112703
1.696000000000003,2.1238736113431362
1.700000000000003,2.1268632781661054
1.704000000000003,2.027436102831753
1.708000000000003,2.046630409558794
1.712000000000003,2.1223440299436036
1.716000000000003,2.1302252221524327
1.720000000000003,2.118182210569195
1.724000000000003,2.066550225919226
1.728000000000003,1.9284524522989528
1.732000000000003,2.0174382723445325
1.736000000000003,2.250726183569529
1.740000000000003,2.010271354712507
1.744000000000003,2.0687034858281783
1.748000000000003,2.196345503519689
1.752000000000003,2.051772572433839
1.7560000000000031,1.9799483233463449
1.7600000000000031,1.919755236764791
1.7640000000000031,1.8919828909723675
1.7680000000000031,1.9233642502678427
1.7720000000000031,2.0218354004077637
1.7760000000000031,2.04894233924476
1.7800000000000031,2.2375764200380988
1.7840000000000031,2.120592800628289
1.7880000000000031,2.0547867183478004
1.7920000000000031,2.0229212747177816
1.7960000000000031,1.9164608829147352
1.8000000000000032,1.9879191977470885
1.8040000000000032,2.0525315594918485
1.8080000000000032,2.1314224856479935
1.8120000000000032,2.064918176838022
1.8160000000000032,1.936736422535217
1.8200000000000032,2.0669824045992464
1.8240000000000032,1.9487302912071858
1.8280000000000032,1.9946889077113419
1.8320000000000032,1.9825981131795085
1.8360000000000032,1.9516152316032542
1.8400000000000032,2.132184674459007
1.8440000000000032,1.9494740738389476
1.8480000000000032,2.0932357961449894
1.8520000000000032,2.0898355820027903
1.8560000000000032,2.1768124036123866
1.8600000000000032,1.9764018781583275
1.8640000000000032,2.136237952254696
1.8680000000000032,2.209412250664844
1.8720000000000032,2.0679744531022553
1.8760000000000032,2.070110187454504
1.8800000000000032,2.040523534490148
1.8840000000000032,2.129664291867678
1.8880000000000032,2.133194276510856
1.8920000000000032,2.0809961495716705
1.8960000000000032,2.1986240291792765
1.9000000000000032,2.10466811446151
1.9040000000000032,1.9476083285945853
1.9080000000000032,2.3138264459553777
1.9120000000000033,2.105350997766914
1.9160000000000033,2.213163915145716
1.9200000000000033,2.1238086868900785
1.9240000000000033,1.8953994784671706
1.9280000000000033,2.1653365867965197
1.9320000000000033,2.017828758082664
1.9360000000000033,2.207158956234482
1.9400000000000033,2.184627309314218
1.9440000000000033,2.1775734555150543
1.9480000000000033,2.0705436221897653
1.9520000000000033,1.9861029869105624
1.9560000000000033,2.1969791330629223
1.9600000000000033,2.2118333099749217
1.9640000000000033,2.2078990010797384
1.9680000000000033,1.5971960892034969
1.9720000000000033,2.05734341113911
1.9760000000000033,2.2282670225148835
1.9800000000000033,2.11043448871586
1.9840000000000033,2.176983524454289
1.9880000000000033,2.0816205252771707
1.9920000000000033,2.092503594256068
1.9960000000000033,2.0655713033673604
